order_id,order_date,customer_id,product_id,quantity,total_amount
ORD1001,2026-01-15,C001,P100,1,85.00
ORD1002,2026-01-20,C002,P200,2,60.00
ORD1003,2026-02-05,C003,P400,1,45.00
ORD1004,2026-02-14,C004,P500,2,44.00
ORD1005,2026-02-28,C005,P300,4,50.00
ORD1006,2026-03-10,C001,P700,1,35.00
ORD1007,2026-03-22,C006,P600,1,120.00
ORD1008,2026-04-05,C007,P800,2,36.00
ORD1009,2026-04-18,C008,P200,1,30.00
ORD1010,2026-05-02,C011,P101,1,160.00
ORD1011,2026-05-20,C012,P102,1,42.00
ORD1012,2026-06-11,C013,P107,2,50.00
ORD1013,2026-06-25,C014,P108,1,48.00
ORD1014,2026-07-04,C015,P104,3,28.50
ORD1015,2026-07-19,C016,P105,2,28.00
ORD1016,2026-08-01,C017,P106,2,33.00
ORD1017,2026-08-15,C018,P109,1,15.00
ORD1018,2026-09-02,C019,P110,1,20.00
ORD1019,2026-09-18,C020,P111,2,22.00
ORD1020,2026-10-01,C004,P700,1,35.00
ORD1021,2026-10-08,C001,P200,1,34.00
ORD1022,2026-10-08,C003,P600,1,110.00
ORD1023,2026-10-08,C011,P100,1,95.00
ORD1024,2026-10-08,C021,P103,1,55.00
ORD1025,2026-10-08,C022,P101,1,160.00