product_id,product_name,category,price
P100,Mechanical Gaming Keyboard,Electronics,85.00
P200,Ergonomic Wireless Mouse,Electronics,30.00
P300,Ceramic Coffee Mug 350ml,Home & Living,12.50
P400,USB-C Multiport Adapter 7-in-1,Electronics,45.00
P500,Stainless Steel Water Bottle 1L,Sports & Outdoors,22.00
P600,Noise-Cancelling Headphones,Electronics,120.00
P700,Adjustable Aluminum Laptop Stand,Office Supplies,35.00
P800,Microfiber Desk Mat XL,Office Supplies,18.00
P900,Braided Thunderbolt 4 Cable 2m,Electronics,28.00
P101,Ultra-Slim 24-Inch Monitor,Electronics,160.00
P102,Smart LED Desk Lamp,Home & Living,42.00
P103,Bluetooth Portable Speaker,Electronics,55.00
P104,Hardcover Dotted Journal A5,Office Supplies,9.50
P105,Gel Pen Set 12-Pack,Office Supplies,14.00
P106,Double-Walled Glass Tumbler,Home & Living,16.50
P107,Wireless Fast Charging Pad,Electronics,25.00
P108,Webcam 1080p with Privacy Cover,Electronics,48.00
P109,Memory Foam Wrist Rest,Office Supplies,15.00
P110,Canvas Laptop Sleeve 15.6 Inch,Office Supplies,20.00
P111,Compact Cable Organizer Pouch,Travel Accessories,11.00